{"mae/nostalgia":0.33125000000000004,"mae/brightness":0.21875000000000006,"_timestamp":1.7722473115285308e+09,"mae/acousticness":0.19375000000000006,"training_steps":5,"learning_rate":0.0001,"mae/energy":0.425,"within_tolerance_rate":0,"overall_mae":0.3166666666666667,"num_samples":8,"mae/warmth":0.5125000000000001,"_wandb":{"runtime":42},"improvement_vs_baseline":0,"_step":0,"best_mae":0.3166666666666667,"mae/complexity":0.21875000000000003,"iteration":1,"_runtime":42}