{"num_samples":8,"mae/energy":0.4312499999999999,"mae/brightness":0.25000000000000006,"mae/acousticness":0.2000000000000001,"_runtime":25,"best_mae":0.309375,"mae/complexity":0.15625000000000003,"training_steps":5,"_wandb":{"runtime":25},"mae/nostalgia":0.3375,"mae/warmth":0.48124999999999996,"within_tolerance_rate":0,"improvement_vs_baseline":0,"_timestamp":1.7722057701775627e+09,"overall_mae":0.309375,"_step":0,"learning_rate":0.0001,"iteration":1}