{"iteration":1,"mae/energy":0.4187499999999999,"within_tolerance_rate":0,"improvement_vs_baseline":0,"_step":0,"_wandb":{"runtime":53},"best_mae":0.3114583333333334,"_runtime":53,"mae/nostalgia":0.35625000000000007,"mae/brightness":0.22500000000000006,"mae/acousticness":0.19375000000000006,"_timestamp":1.772240370110511e+09,"training_steps":5,"overall_mae":0.3114583333333334,"mae/warmth":0.49375,"mae/complexity":0.18125000000000002,"learning_rate":0.0001,"num_samples":8}