{"mae/nostalgia":0.31250000000000006,"learning_rate":0.0001,"within_tolerance_rate":0,"iteration":1,"improvement_vs_baseline":0,"training_steps":5,"mae/warmth":0.475,"_wandb":{"runtime":42},"mae/complexity":0.20000000000000004,"_step":0,"overall_mae":0.3072916666666667,"num_samples":8,"mae/energy":0.4249999999999999,"mae/brightness":0.22500000000000006,"_timestamp":1.7722454768218288e+09,"mae/acousticness":0.20625000000000007,"best_mae":0.3072916666666667,"_runtime":42}