{"_step":0,"mae/energy":0.4249999999999999,"_wandb":{"runtime":43},"within_tolerance_rate":0,"best_mae":0.3125,"mae/warmth":0.475,"overall_mae":0.3125,"num_samples":8,"improvement_vs_baseline":0,"mae/nostalgia":0.3375,"mae/complexity":0.17500000000000002,"mae/acousticness":0.20625000000000007,"mae/brightness":0.25625000000000003,"learning_rate":0.0001,"iteration":1,"_timestamp":1.7722461312705593e+09,"training_steps":5,"_runtime":43}