{"mae/energy":0.43124999999999997,"_step":0,"mae/complexity":0.21875000000000003,"num_samples":8,"learning_rate":0.0001,"mae/nostalgia":0.3062500000000001,"iteration":1,"mae/warmth":0.48749999999999993,"training_steps":5,"mae/acousticness":0.2000000000000001,"improvement_vs_baseline":0,"_runtime":45,"best_mae":0.31250000000000006,"mae/brightness":0.23125000000000007,"_timestamp":1.7722470662324367e+09,"_wandb":{"runtime":45},"overall_mae":0.31250000000000006,"within_tolerance_rate":0}