{"best_mae":0.31041666666666673,"mae/brightness":0.23750000000000002,"within_tolerance_rate":0,"learning_rate":0.0001,"_runtime":46,"_wandb":{"runtime":46},"num_samples":8,"_timestamp":1.7722471540078623e+09,"mae/complexity":0.17500000000000004,"training_steps":5,"mae/acousticness":0.20625000000000007,"mae/nostalgia":0.35625000000000007,"mae/warmth":0.46875,"mae/energy":0.41874999999999996,"overall_mae":0.31041666666666673,"iteration":1,"_step":0,"improvement_vs_baseline":0}